SpeciesCode,CommonName,LatinName
ABDU,American Black Duck,Anas rubripes
RUGR,Ruffed Grouse,Bonasa umbellus
SPGR,Spruce Grouse,Falcipennis canadensis
COLO,Common Loon,Gavia immer
AMBI,American Bittern,Botaurus lentiginosus
SSHA,Sharp-shinned Hawk,Accipiter striatus
BWHA,Broad-winged Hawk,Buteo platypterus
RTHA,Red-tailed Hawk,Buteo jamaicensis
MODO,Mourning Dove,Zenaida macroura
BBCU,Black-billed Cuckoo,Coccyzus erythropthalmus
BADO,Barred Owl,Strix varia
CHSW,Chimney Swift,Chaetura pelagica
RTHU,Ruby-throated Hummingbird,Archilochus colubris
YBSA,Yellow-bellied Sapsucker,Sphyrapicus varius
DOWO,Downy Woodpecker,Picoides pubescens
HAWO,Hairy Woodpecker,Picoides villosus
BBWO,Black-backed Woodpecker,Picoides arcticus
YSFL,Yellow-shafted Flicker,Colaptes auratus�auratus
PIWO,Pileated Woodpecker,Dryocopus pileatus
UNWO,Unidentified Woodpecker,Picadae sp.
PEFA,Peregrine Falcon,Falco peregrinus
OSFL,Olive-sided Flycatcher,Contopus cooperi
EAWP,Eastern Wood-Pewee,Contopus virens
YBFL,Yellow-bellied Flycatcher,Empidonax flaviventris
ALFL,Alder Flycatcher,Empidonax alnorum
LEFL,Least Flycatcher,Empidonax minimus
BHVI,Blue-headed Vireo,Vireo solitarius
REVI,Red-eyed Vireo,Vireo olivaceus
GRAJ,Gray Jay,Perisoreus canadensis
BLJA,Blue Jay,Cyanocitta cristata
AMCR,American Crow,Corvus brachyrhynchos
CORA,Common Raven,Corvus corax
TRES,Tree Swallow,Tachycineta bicolor
BCCH,Black-capped Chickadee,Poecile atricapillus
BOCH,Boreal Chickadee,Poecile hudsonicus
RBNU,Red-breasted Nuthatch,Sitta canadensis
WBNU,White-breasted Nuthatch,Sitta carolinensis
BRCR,Brown Creeper,Certhia americana
WIWR,Winter Wren,Troglodytes hiemalis
GCKI,Golden-crowned Kinglet,Regulus satrapa
RCKI,Ruby-crowned Kinglet,Regulus calendula
EABL,Eastern Bluebird,Sialia sialis
VEER,Veery,Catharus fuscescens
BITH,Bicknell's Thrush,Catharus bicknelli
SWTH,Swainson's Thrush,Catharus ustulatus
HETH,Hermit Thrush,Catharus guttatus
WOTH,Wood Thrush,Hylocichla mustelina
AMRO,American Robin,Turdus migratorius
AMPI,American Pipit,Anthus rubescens
CEDW,Cedar Waxwing,Bombycilla cedrorum
OVEN,Ovenbird,Seiurus aurocapilla
BWWA,Blue-winged Warbler,Vermivora cyanoptera
BAWW,Black-and-white Warbler,Mniotilta varia
NAWA,Nashville Warbler,Oreothlypis ruficapilla
MOWA,Mourning Warbler,Geothlypis philadelphia
COYE,Common Yellowthroat,Geothlypis trichas
AMRE,American Redstart,Setophaga ruticilla
CMWA,Cape May Warbler,Setophaga tigrina
NOPA,Northern Parula,Setophaga americana
MAWA,Magnolia Warbler,Setophaga magnolia
BBWA,Bay-breasted Warbler,Setophaga castanea
BLBW,Blackburnian Warbler,Setophaga fusca
CSWA,Chestnut-sided Warbler,Setophaga pensylvanica
BLPW,Blackpoll Warbler,Setophaga striata
BTBW,Black-throated Blue Warbler,Setophaga caerulescens
PIWA,Pine Warbler,Setophaga pinus
YRWA,Yellow-rumped Warbler,Setophaga coronata
MYWA,Myrtle Warbler,Setophaga coronata coronata
BTNW,Black-throated Green Warbler,Setophaga virens
CAWA,Canada Warbler,Cardellina canadensis
EATO,Eastern Towhee,Pipilo erythrophthalmus
CHSP,Chipping Sparrow,Spizella passerina
FOSP,Fox Sparrow,Passerella iliaca
SWSP,Swamp Sparrow,Melospiza georgiana
WTSP,White-throated Sparrow,Zonotrichia albicollis
WCSP,White-crowned Sparrow,Zonotrichia leucophrys
DEJU,Dark-eyed Junco,Junco hyemalis
SCJU,Slate-colored Junco,Junco hyemalis Hyemalis
SCTA,Scarlet Tanager,Piranga olivacea
RBGR,Rose-breasted Grosbeak,Pheucticus ludovicianus
INBU,Indigo Bunting,Passerina cyanea
HOFI,House Finch,Haemorhous mexicanus
PUFI,Purple Finch,Haemorhous purpureus
RECR,Red Crossbill,Loxia curvirostra
WWCR,White-winged Crossbill,Loxia leucoptera
PISI,Pine Siskin,Spinus pinus
AMGO,American Goldfinch,Spinus tristis
UNBI,Unidentified bird,Unknown bird
GRSQ,Eastern Gray Squirrel,Sciurus carolinensis
NONE,No species detected,No species detected
RESQ,American Red Squirrel,Tamiasciurus hudsonicus
